id;slug;name;image
1;aggregate;capacitor Customizable generate;Salad Monaco
2;Savings Account;Unbranded Fresh Towels Auto Loan Account;Future Functionality
3;Officer transparent;Checking Account Personal Loan Account Virginia;generate Libyan Dinar
4;content black;India circuit payment;IB Director
5;Unbranded override;Argentine Peso;real-time Corporate quantifying
6;Seychelles Rupee;Program reboot;leading-edge interactive
7;forecast primary;Concrete Automotive;wireless Electronics
8;Soft;Roads Wooden Computers;haptic Strategist
9;override multi-byte Ball;Gloves Frozen;Vision-oriented
10;solid state next generation reintermediate;magenta;e-markets
